<?xml version="1.0" encoding="UTF-8"?>
<game>
	<mode id="normal" startcash="1000" />

	<units>
		<!-- 
		Buildables:
			reloadtime is in seconds
			range is radius from center of tower, in pixels 
			scx, scy is center of rotation measured from top left corner of sprite (exact middle would be sw/2 and sh/2)
		-->
	
		<buildable id="wall">
			<upgrade id="0" caption="Wall" price="25" damage="0" reloadtime="0" range="0" />
		</buildable>

		<buildable id="machinegun">
			<sprite id="weapon" sx="0" sy="512" sw="64" sh="64" scx="24" scy="32" />
			<sprite id="flash" sx="160" sy="33" sw="64" sh="31" scx="8" scy="16" />
			<upgrade id="0" caption="Machine gun" price="200" damage="10" reloadtime="20" range="100" />
			<upgrade id="1" caption="Machine gun II" price="200" damage="15" reloadtime="20" range="130"  />
			<upgrade id="2" caption="Machine gun III" price="200" damage="15" reloadtime="10" range="130"  />
		</buildable>
		
		<buildable id="cannon">
			<sprite id="weapon" sx="0" sy="576" sw="64" sh="64" scx="28" scy="32" />
			<sprite id="flash" sx="96" sy="32" sw="64" sh="32" scx="12" scy="16" />
			<upgrade id="0" caption="Cannon" price="300" damage="100" reloadtime="120" range="120" />
			<upgrade id="1" caption="Cannon II" price="100" damage="150" reloadtime="120" range="150" />
			<upgrade id="2" caption="Cannon III" price="100" damage="150" reloadtime="120" range="150" />
		</buildable> 

		<buildable id="flamethrower">
			<sprite id="weapon" sx="0" sy="640" sw="64" sh="64" scx="26" scy="32" />
			<upgrade id="0" caption="Flame thrower" price="600" damage="6" reloadtime="2" range="80" />
			<upgrade id="1" caption="Flame thrower II" price="600" damage="9" reloadtime="2" range="120" />
		</buildable>

		<!--
		Vehicles:
			speed is in pixels per 1/60 seconds, and means MAX speed
		-->
		
		<vehicle id="atv" speed="0.8" hp="400" reward="150" sx="512" sy="512" sw="64" sh="64" />
		<vehicle id="tank" speed="0.5" hp="700" reward="200" sx="576" sy="512" sw="64" sh="64" />
		<vehicle id="armoredgun" speed="0.7" hp="500" reward="200" sx="640" sy="512" sw="64" sh="64" />
		<vehicle id="startruck" speed="0.6" hp="400" reward="150" sx="704" sy="512" sw="64" sh="64" />
		<vehicle id="greentruck" speed="0.6" hp="600" reward="150" sx="768" sy="512" sw="64" sh="64" />
	</units>
	<waves>
		<wave text="First wave!" nextwavedelay="30" count="5" interval="2" unit="atv" hpmult="1.0"/>
		<wave text="Convoy incoming!" nextwavedelay="30" count="5" interval="2" unit="startruck" hpmult="1.3"/>
		<wave text="More trucks.. they look heavier!" nextwavedelay="30" count="6" interval="2" unit="greentruck" hpmult="1.4"/>
		<wave text="Mobile cannons!" nextwavedelay="30" count="8" interval="2" unit="armoredgun" hpmult="1.6"/>
		<wave text="Tanks spotted!" nextwavedelay="30" count="12" interval="2" unit="tank" hpmult="2.0"/>
		<wave text="Last wave! Just a dozen to go." nextwavedelay="30" count="12" interval="2" unit="atv" hpmult="3.0"/>
	</waves>
</game>
